{"cameraMode":{"drawMode":0,"name":"Shaded","section":"Shading Mode"},"sceneLighting":false,"audioPlay":false,"sceneViewState":{"showFog":true,"showMaterialUpdate":false,"showSkybox":true,"showFlares":true,"showImageEffects":true,"showParticleSystems":true},"in2DMode":false,"pivot":{"x":-1.8731191158294678,"y":-0.0016672611236572266,"z":-4.313723564147949},"rotation":{"x":-0.05677853897213936,"y":0.9348753690719605,"z":-0.17477692663669587,"w":-0.30370599031448367},"size":3.6579251289367677,"orthographic":false}