{"cameraMode":{"drawMode":0,"name":"Shaded","section":"Shading Mode"},"sceneLighting":false,"audioPlay":false,"sceneViewState":{"showFog":true,"showMaterialUpdate":false,"showSkybox":true,"showFlares":true,"showImageEffects":true,"showParticleSystems":true},"in2DMode":false,"pivot":{"x":-21.783859252929689,"y":194.792724609375,"z":180.37548828125},"rotation":{"x":-0.1258212924003601,"y":0.05026322230696678,"z":-0.006383205763995647,"w":-0.9907582402229309},"size":1748.687744140625,"orthographic":false}