{"cameraMode":{"drawMode":0,"name":"Shaded","section":"Shading Mode"},"sceneLighting":false,"audioPlay":false,"sceneViewState":{"showFog":true,"showMaterialUpdate":false,"showSkybox":true,"showFlares":true,"showImageEffects":true,"showParticleSystems":true},"in2DMode":false,"pivot":{"x":3.681577682495117,"y":-2.6506597995758058,"z":-5.533692359924316},"rotation":{"x":0.08876699209213257,"y":0.9103513956069946,"z":-0.26405414938926699,"w":0.3060331642627716},"size":11.200562477111817,"orthographic":false}